{
	"parent": "item/handheld",
	"textures": {
		"layer0": "item/wooden_hoe"
	},
	"overrides": [
		{"predicate": {"custom_model_data": 100},"model": "item/hwld/00"},
		{"predicate": {"custom_model_data": 101},"model": "item/hwld/01"},
		{"predicate": {"custom_model_data": 102},"model": "item/hwld/02"},
		{"predicate": {"custom_model_data": 103},"model": "item/hwld/03"},
		{"predicate": {"custom_model_data": 104},"model": "item/hwld/04"},
		{"predicate": {"custom_model_data": 105},"model": "item/hwld/05"},
		{"predicate": {"custom_model_data": 110},"model": "item/hwld/10"},
		{"predicate": {"custom_model_data": 111},"model": "item/hwld/11"},
		{"predicate": {"custom_model_data": 112},"model": "item/hwld/12"},
		{"predicate": {"custom_model_data": 113},"model": "item/hwld/13"},
		{"predicate": {"custom_model_data": 114},"model": "item/hwld/14"},
		{"predicate": {"custom_model_data": 115},"model": "item/hwld/15"},
		{"predicate": {"custom_model_data": 120},"model": "item/hwld/20"},
		{"predicate": {"custom_model_data": 121},"model": "item/hwld/21"},
		{"predicate": {"custom_model_data": 122},"model": "item/hwld/22"},
		{"predicate": {"custom_model_data": 123},"model": "item/hwld/23"},
		{"predicate": {"custom_model_data": 124},"model": "item/hwld/24"},
		{"predicate": {"custom_model_data": 125},"model": "item/hwld/25"},
		{"predicate": {"custom_model_data": 130},"model": "item/hwld/30"},
		{"predicate": {"custom_model_data": 131},"model": "item/hwld/31"},
		{"predicate": {"custom_model_data": 132},"model": "item/hwld/32"},
		{"predicate": {"custom_model_data": 133},"model": "item/hwld/33"},
		{"predicate": {"custom_model_data": 134},"model": "item/hwld/34"},
		{"predicate": {"custom_model_data": 135},"model": "item/hwld/35"},
		{"predicate": {"custom_model_data": 140},"model": "item/hwld/40"},
		{"predicate": {"custom_model_data": 141},"model": "item/hwld/41"},
		{"predicate": {"custom_model_data": 142},"model": "item/hwld/42"},
		{"predicate": {"custom_model_data": 143},"model": "item/hwld/43"},
		{"predicate": {"custom_model_data": 144},"model": "item/hwld/44"},
		{"predicate": {"custom_model_data": 145},"model": "item/hwld/45"},
		{"predicate": {"custom_model_data": 150},"model": "item/hwld/50"},
		{"predicate": {"custom_model_data": 151},"model": "item/hwld/51"},
		{"predicate": {"custom_model_data": 152},"model": "item/hwld/52"},
		{"predicate": {"custom_model_data": 153},"model": "item/hwld/53"},
		{"predicate": {"custom_model_data": 154},"model": "item/hwld/54"},
		{"predicate": {"custom_model_data": 155},"model": "item/hwld/55"},
		{"predicate": {"custom_model_data": 200},"model": "item/hwld/middle_bar"},
		{"predicate": {"custom_model_data": 201},"model": "item/hwld/single_bar"},
		{"predicate": {"custom_model_data": 202},"model": "item/hwld/bar_lock"},
		{"predicate": {"custom_model_data": 203},"model": "item/hwld/wand"},
		{"predicate": {"custom_model_data": 204},"model": "item/hwld/middle_bar_mirror"},
		{"predicate": {"custom_model_data": 205},"model": "item/hwld/single_bar_mirror"},
		{"predicate": {"custom_model_data": 206},"model": "item/hwld/middle_bar2"},
		{"predicate": {"custom_model_data": 207},"model": "item/hwld/single_bar2_plus"},
		{"predicate": {"custom_model_data": 208},"model": "item/hwld/single_bar2_minus"},
		{"predicate": {"custom_model_data": 209},"model": "item/hwld/middle_bar2_mirror"},
		{"predicate": {"custom_model_data": 210},"model": "item/hwld/single_bar2_plus_mirror"},
		{"predicate": {"custom_model_data": 211},"model": "item/hwld/single_bar2_minus_mirror"}
	]
}