{
	"credit": "Made with Blockbench",
	"textures": {
		"0": "hogwarts_door/planks",
		"1": "hogwarts_door/metal",
		"3": "hogwarts_door/rivets2",
		"particle": "hogwarts_door/planks"
	},
	"elements": [
		{
			"from": [0, 0, 5],
			"to": [16, 4, 7],
			"faces": {
				"north": {"uv": [0, 0, 4, 16], "rotation": 90, "texture": "#3"},
				"east": {"uv": [7, 8, 9, 11], "texture": "#1"},
				"south": {"uv": [0, 0, 0, 0], "texture": "#1"},
				"west": {"uv": [9, 5, 11, 8], "texture": "#1"},
				"up": {"uv": [0, 8, 16, 10], "texture": "#1"},
				"down": {"uv": [7, 0, 9, 16], "rotation": 90, "texture": "#1"}
			}
		},
		{
			"from": [0, 12, 5],
			"to": [16, 16, 7],
			"faces": {
				"north": {"uv": [0, 0, 4, 16], "rotation": 90, "texture": "#3"},
				"east": {"uv": [10, 9, 12, 12], "texture": "#1"},
				"south": {"uv": [0, 0, 0, 0], "texture": "#1"},
				"west": {"uv": [9, 5, 11, 8], "texture": "#1"},
				"up": {"uv": [0, 5, 16, 7], "texture": "#1"},
				"down": {"uv": [7, 0, 9, 16], "rotation": 90, "texture": "#1"}
			}
		},
		{
			"from": [12, 4, 5],
			"to": [16, 12, 7],
			"faces": {
				"north": {"uv": [0, 4, 4, 12], "rotation": 180, "texture": "#3"},
				"east": {"uv": [8, 4, 10, 13], "rotation": 180, "texture": "#1"},
				"south": {"uv": [0, 0, 0, 0], "rotation": 270, "texture": "#1"},
				"west": {"uv": [9, 4, 11, 13], "texture": "#1"},
				"up": {"uv": [0, 0, 0, 0], "rotation": 90, "texture": "#1"},
				"down": {"uv": [0, 0, 0, 0], "rotation": 90, "texture": "#1"}
			}
		},
		{
			"from": [0, 4, 5],
			"to": [4, 12, 7],
			"faces": {
				"north": {"uv": [0, 8, 4, 16], "rotation": 180, "texture": "#3"},
				"east": {"uv": [7, 0, 9, 16], "rotation": 180, "texture": "#1"},
				"south": {"uv": [0, 0, 0, 0], "rotation": 270, "texture": "#1"},
				"west": {"uv": [9, 5, 11, 14], "texture": "#1"},
				"up": {"uv": [0, 0, 0, 0], "rotation": 90, "texture": "#1"},
				"down": {"uv": [0, 0, 0, 0], "rotation": 90, "texture": "#1"}
			}
		},
		{
			"from": [0, 0, 7],
			"to": [16, 16, 8],
			"faces": {
				"north": {"uv": [0, 0, 16, 16], "texture": "#1"},
				"east": {"uv": [0, 0, 1, 16], "texture": "#1"},
				"south": {"uv": [0, 0, 16, 16], "texture": "#0"},
				"west": {"uv": [0, 0, 1, 16], "texture": "#1"},
				"up": {"uv": [0, 0, 16, 1], "texture": "#1"},
				"down": {"uv": [0, 0, 16, 1], "texture": "#1"}
			}
		},
		{
			"from": [4, 0, 8],
			"to": [8, 16, 10],
			"faces": {
				"east": {"uv": [0, 0, 2, 16], "texture": "#0"},
				"south": {"uv": [4, 0, 8, 16], "texture": "#0"},
				"west": {"uv": [3, 16, 5, 0], "texture": "#0"},
				"up": {"uv": [0, 0, 4, 2], "texture": "#0"},
				"down": {"uv": [0, 0, 4, 2], "texture": "#0"}
			}
		},
		{
			"from": [12, 0, 8],
			"to": [16, 16, 10],
			"faces": {
				"east": {"uv": [0, 0, 2, 16], "texture": "#0"},
				"south": {"uv": [12, 0, 16, 16], "texture": "#0"},
				"west": {"uv": [3, 16, 5, 0], "texture": "#0"},
				"up": {"uv": [0, 0, 4, 2], "texture": "#0"},
				"down": {"uv": [0, 0, 4, 2], "texture": "#0"}
			}
		},
		{
			"from": [0, 4, 8],
			"to": [4, 16, 11],
			"faces": {
				"east": {"uv": [0, 0, 3, 12], "texture": "#1"},
				"south": {"uv": [0, 0, 4, 12], "rotation": 180, "texture": "#3"},
				"west": {"uv": [0, 0, 3, 12], "rotation": 180, "texture": "#1"},
				"up": {"uv": [0, 0, 4, 3], "texture": "#1"},
				"down": {"uv": [0, 0, 4, 3], "texture": "#1"}
			}
		}
	],
	"display": {
		"head": {
			"translation": [0, -30.4, 0],
			"scale": [1.6, 1.6, 1.6]
		}
	},
	"groups": [
		{
			"name": "front",
			"children": [0, 1, 2, 3]
		},
		{
			"name": "body",
			"children": [4, 5, 6]
		},
		{
			"name": "back",
			"children": [7]
		}
	]
}