{
	"credit": "Made with Blockbench",
	"textures": {
		"1": "hogwarts_door/metal",
		"3": "hogwarts_door/rivets2"
	},
	"elements": [
		{
			"from": [7, 7, 3.01],
			"to": [9, 9, 6],
			"faces": {
				"north": {"uv": [0, 0, 2, 2], "texture": "#1"},
				"east": {"uv": [0, 0, 4, 2], "texture": "#1"},
				"south": {"uv": [0, 0, 2, 2], "texture": "#1"},
				"west": {"uv": [0, 0, 4, 2], "texture": "#1"},
				"up": {"uv": [0, 0, 2, 4], "texture": "#1"},
				"down": {"uv": [0, 0, 2, 4], "texture": "#1"}
			}
		},
		{
			"from": [6, 4, 6],
			"to": [10, 12, 9],
			"faces": {
				"north": {"uv": [0, 0, 4, 8], "texture": "#1"},
				"east": {"uv": [0, 0, 3, 8], "texture": "#1"},
				"south": {"uv": [0, 0, 4, 8], "rotation": 180, "texture": "#3"},
				"west": {"uv": [0, 0, 3, 8], "texture": "#1"},
				"up": {"uv": [0, 0, 4, 3], "texture": "#1"},
				"down": {"uv": [0, 0, 4, 3], "texture": "#1"}
			}
		}
	],
	"display": {
		"head": {
			"rotation": [0, 90, 0],
			"translation": [-3.2, -6.4, 0],
			"scale": [1.6, 1.6, -1.6]
		}
	}
}