{
	"credit": "Made with Blockbench",
	"textures": {
		"1": "hogwarts_door/metal",
		"3": "hogwarts_door/rivets2"
	},
	"elements": [
		{
			"from": [4, 5, 7],
			"to": [12, 13, 9],
			"faces": {
				"north": {"uv": [0, 0, 8, 8], "texture": "#1"},
				"east": {"uv": [0, 0, 2, 8], "texture": "#1"},
				"south": {"uv": [0, 0, 16, 8], "texture": "#1"},
				"west": {"uv": [0, 0, 2, 8], "texture": "#1"},
				"up": {"uv": [0, 0, 8, 2], "texture": "#1"},
				"down": {"uv": [0, 0, 8, 2], "texture": "#1"}
			}
		},
		{
			"from": [0.88, -0.92, 9],
			"to": [3.68, 7.58, 10],
			"rotation": {"angle": -45, "axis": "z", "origin": [12, -0.74705, 5.5858]},
			"faces": {
				"east": {"uv": [0, 0, 3, 16], "texture": "#1"},
				"south": {"uv": [0, 0, 4, 12], "rotation": 180, "texture": "#3"},
				"west": {"uv": [0, 0, 3, 16], "rotation": 180, "texture": "#1"},
				"up": {"uv": [0, 0, 4, 3], "texture": "#1"},
				"down": {"uv": [0, 0, 4, 3], "texture": "#1"}
			}
		},
		{
			"from": [3.6, 4.78, 9],
			"to": [6.6, 7.58, 10],
			"rotation": {"angle": -45, "axis": "z", "origin": [12, -0.74705, 5.5858]},
			"faces": {
				"east": {"uv": [0, 0, 3, 16], "texture": "#1"},
				"south": {"uv": [0, 0, 3.8, 3.8], "rotation": 180, "texture": "#3"},
				"west": {"uv": [0, 0, 3, 16], "rotation": 180, "texture": "#1"},
				"up": {"uv": [0, 0, 4, 3], "texture": "#1"},
				"down": {"uv": [0, 0, 4, 3], "texture": "#1"}
			}
		},
		{
			"from": [-2.1, -0.92, 9],
			"to": [0.9, 1.88, 10],
			"rotation": {"angle": -45, "axis": "z", "origin": [12, -0.74705, 5.5858]},
			"faces": {
				"east": {"uv": [0, 0, 3, 16], "texture": "#1"},
				"south": {"uv": [0, 0, 3.8, 3.8], "rotation": 180, "texture": "#3"},
				"west": {"uv": [0, 0, 3, 16], "rotation": 180, "texture": "#1"},
				"up": {"uv": [0, 0, 4, 3], "texture": "#1"},
				"down": {"uv": [0, 0, 4, 3], "texture": "#1"}
			}
		},
		{
			"from": [7, 8, 4],
			"to": [9, 10, 7],
			"faces": {
				"north": {"uv": [0, 0, 2, 2], "texture": "#1"},
				"east": {"uv": [0, 0, 3, 2], "texture": "#1"},
				"south": {"uv": [0, 0, 16, 8], "texture": "#1"},
				"west": {"uv": [0, 0, 3, 2], "texture": "#1"},
				"up": {"uv": [0, 0, 2, 3], "texture": "#1"},
				"down": {"uv": [0, 0, 2, 3], "texture": "#1"}
			}
		}
	],
	"display": {
		"head": {
			"rotation": [0, 90, 0],
			"translation": [1.6, -8, 0],
			"scale": [1.6, 1.6, 1.6]
		}
	},
	"groups": [
		{
			"name": "hatching",
			"children": [0, 1, 2, 3, 4]
		}
	]
}