{
	"credit": "Made with Blockbench",
	"textures": {
		"1": "hogwarts_door/metal",
		"3": "hogwarts_door/rivets2"
	},
	"elements": [
		{
			"from": [4, 6, 7],
			"to": [8, 10, 10],
			"faces": {
				"north": {"uv": [0, 0, 4, 4], "texture": "#1"},
				"east": {"uv": [0, 0, 3, 4], "texture": "#1"},
				"south": {"uv": [0, 0, 4, 4], "texture": "#3"},
				"west": {"uv": [0, 0, 3, 4], "texture": "#1"},
				"up": {"uv": [0, 0, 4, 3], "texture": "#1"},
				"down": {"uv": [0, 0, 4, 3], "texture": "#1"}
			}
		}
	],
	"display": {
		"head": {
			"rotation": [0, 90, 0],
			"translation": [-1.6, -6.4, 0],
			"scale": [1.6, 1.6, -1.6]
		}
	}
}