{
	"credit": "Made with Blockbench",
	"textures": {
		"0": "hogwarts_door/wand",
		"particle": "hogwarts_door/wand"
	},
	"elements": [
		{
			"from": [7.5, 0, 7.5],
			"to": [8.5, 25, 8.5],
			"faces": {
				"north": {"uv": [3, 0, 4, 16], "texture": "#0"},
				"east": {"uv": [3.25, 0, 4.25, 16], "texture": "#0"},
				"south": {"uv": [3.75, 0, 4.75, 16], "texture": "#0"},
				"west": {"uv": [2.75, 0, 3.75, 16], "texture": "#0"},
				"up": {"uv": [6, 5.25, 7, 6.25], "texture": "#0"},
				"down": {"uv": [0, 0, 1, 1], "texture": "#0"}
			}
		},
		{
			"from": [7.1, -0.1, 7.1],
			"to": [8.9, 1.7, 8.9],
			"faces": {
				"north": {"uv": [0, 0, 1.8, 1.8], "texture": "#0"},
				"east": {"uv": [0, 0, 1.8, 1.8], "texture": "#0"},
				"south": {"uv": [0, 0, 1.8, 1.8], "texture": "#0"},
				"west": {"uv": [0, 0, 1.8, 1.8], "texture": "#0"},
				"up": {"uv": [0, 0, 1.8, 1.8], "texture": "#0"},
				"down": {"uv": [0, 0, 1.8, 1.8], "texture": "#0"}
			}
		},
		{
			"from": [7.1, 6, 7.1],
			"to": [8.9, 7.8, 8.9],
			"faces": {
				"north": {"uv": [0, 0, 1.8, 1.8], "texture": "#0"},
				"east": {"uv": [0, 0, 1.8, 1.8], "texture": "#0"},
				"south": {"uv": [0, 0, 1.8, 1.8], "texture": "#0"},
				"west": {"uv": [0, 0, 1.8, 1.8], "texture": "#0"},
				"up": {"uv": [0, 0, 1.8, 1.8], "texture": "#0"},
				"down": {"uv": [0, 0, 1.8, 1.8], "texture": "#0"}
			}
		},
		{
			"from": [7.2, 12, 7.2],
			"to": [8.8, 13.6, 8.8],
			"faces": {
				"north": {"uv": [0, 0, 1.6, 1.6], "texture": "#0"},
				"east": {"uv": [0, 0, 1.6, 1.6], "texture": "#0"},
				"south": {"uv": [0, 0, 1.6, 1.6], "texture": "#0"},
				"west": {"uv": [0, 0, 1.6, 1.6], "texture": "#0"},
				"up": {"uv": [0, 0, 1.6, 1.6], "texture": "#0"},
				"down": {"uv": [0, 0, 1.6, 1.6], "texture": "#0"}
			}
		},
		{
			"from": [7.3, 18, 7.3],
			"to": [8.7, 19.4, 8.7],
			"faces": {
				"north": {"uv": [0, 0, 1.4, 1.4], "texture": "#0"},
				"east": {"uv": [0, 0, 1.4, 1.4], "texture": "#0"},
				"south": {"uv": [0, 0, 1.4, 1.4], "texture": "#0"},
				"west": {"uv": [0, 0, 1.4, 1.4], "texture": "#0"},
				"up": {"uv": [0, 0, 1.4, 1.4], "texture": "#0"},
				"down": {"uv": [0, 0, 1.4, 1.4], "texture": "#0"}
			}
		}
	],
	"display": {
		"thirdperson_righthand": {
			"translation": [0, 0, 1.75],
			"scale": [0.5, 0.5, 0.5]
		},
		"thirdperson_lefthand": {
			"translation": [0, 0, 1.75],
			"scale": [0.5, 0.5, 0.5]
		},
		"firstperson_righthand": {
			"rotation": [0, 0, 15],
			"translation": [0, 2.5, 0.5],
			"scale": [0.5, 0.5, 0.5]
		},
		"firstperson_lefthand": {
			"rotation": [0, 0, 15],
			"translation": [0, 2.5, 0.5],
			"scale": [0.5, 0.5, 0.5]
		},
		"ground": {
			"rotation": [90, 0, 0],
			"translation": [0, -3.5, -2.25],
			"scale": [0.5, 0.5, 0.5]
		},
		"gui": {
			"rotation": [0, 0, 45],
			"translation": [2.5, -2.5, 0],
			"scale": [0.8, 0.8, 0.8]
		},
		"fixed": {
			"rotation": [0, 0, -45],
			"translation": [-2.5, -2.5, 0],
			"scale": [0.8, 0.8, 0.8]
		}
	}
}