{
	"hwd.clunk": {
		"sounds": [
			{
				"name": "hwd/clunk1",
				"stream": false
			},
			{
				"name": "hwd/clunk2",
				"stream": false
			},
			{
				"name": "hwd/clunk3",
				"stream": false
			},
			{
				"name": "hwd/clunk4",
				"stream": false
			},
			{
				"name": "hwd/clunk5",
				"stream": false
			},
			{
				"name": "hwd/clunk6",
				"stream": false
			},
			{
				"name": "hwd/clunk7",
				"stream": false
			}
		]
	},
	"hwd.creek": {
		"sounds": [
			{
				"name": "hwd/open",
				"stream": false
			}
		]
	},
	"hwd.slam": {
		"sounds": [
			{
				"name": "hwd/close",
				"stream": false
			}
		]
	},
	"hwd.scrape": {
		"sounds": [
			{
				"name": "hwd/scrape",
				"stream": false
			}
		]
	}
}